{"SaddleID": [0, 1, 2, 3, 4, 5, 6, 7, 8], "Position": [[[7.66819685680697e-24], [0.4999990019234883]], [[8.761663007002201e-13], [0.9999995080286908]], [[1.1597852501231131e-12], [4.921082103640739e-07]], [[0.9581293277396256], [0.3756830969265755]], [[-0.9581293277296353], [0.3756830968346384]], [[-2.0303466961293686], [2.4007443129864363]], [[2.0303466961293686], [2.4007443129864363]], [[-1.2719445498735649], [-0.6335698970273934]], [[1.271944549873565], [-0.6335698970273935]]], "MorseIndex": [2, 1, 1, 1, 1, 0, 0, 0, 0], "FatherSet": [[-1], [0], [0], [0], [0], [1, 4], [1, 3], [2, 4], [2, 3]]}